{
  "maximum_surface_pressures": [
    3.236098,
    2.5351548,
    2.246458,
    2.0341551,
    1.8973178,
    1.745677,
    1.6450508,
    1.5723345,
    1.518568,
    1.4641634,
    1.4227765,
    1.3857903,
    1.3401862,
    1.3214787,
    1.2937497,
    1.2686473
  ],
  "compartment_load": [
    124.69942,
    114.883736,
    96.34894,
    78.707245,
    61.463005,
    49.014194,
    37.74704,
    28.420778,
    21.087955,
    16.472626,
    13.310504,
    10.739695,
    8.732008,
    6.944377,
    5.5666747,
    4.4594126
  ],
  "tissue_pressures_nitrogen": [
    4.035395,
    2.9124804,
    2.1644385,
    1.6010274,
    1.1661485,
    0.85562956,
    0.620958,
    0.44686973,
    0.32023495,
    0.24118616,
    0.18937871,
    0.14882965,
    0.117025174,
    0.091768466,
    0.07201884,
    0.05657422
  ],
  "tissue_pressures_helium": [
    0.0,
    0.0,
    0.0,
    0.0,
    0.0,
    0.0,
    0.0,
    0.0,
    0.0,
    0.0,
    0.0,
    0.0,
    0.0,
    0.0,
    0.0,
    0.0
  ],
  "tissue_pressures_total": [
    4.035395,
    2.9124804,
    2.1644385,
    1.6010274,
    1.1661485,
    0.85562956,
    0.620958,
    0.44686973,
    0.32023495,
    0.24118616,
    0.18937871,
    0.14882965,
    0.117025174,
    0.091768466,
    0.07201884,
    0.05657422
  ],
  "tolerated_ambient_pressures": [
    1.403645,
    1.2457898,
    0.9407655,
    0.66107744,
    0.4058519,
    0.24933398,
    0.10975605,
    -0.0027890587,
    -0.08952443,
    -0.12782966,
    -0.14940342,
    -0.16311415,
    -0.15918975,
    -0.17363545,
    -0.17310597,
    -0.17001422
  ],
  "a_values": [
    1.2559,
    1.0,
    0.8618,
    0.7562,
    0.6667,
    0.56,
    0.4947,
    0.45,
    0.4187,
    0.37979996,
    0.3497,
    0.3223,
    0.285,
    0.2737,
    0.2523,
    0.2327
  ],
  "b_values": [
    0.505,
    0.6514,
    0.7222,
    0.7825,
    0.8126,
    0.8434,
    0.86930007,
    0.8909999,
    0.9092,
    0.9222,
    0.9319,
    0.9403,
    0.9477,
    0.9544,
    0.9602,
    0.9653
  ],
  "oxygen_at_pressure": 1.26,
  "helium_at_pressure": 0.0,
  "nitrogen_at_pressure": 4.7400002
}